{
  "count": 651,
  "minimum": 0.448979591836591,
  "p25": 1.0003631166140865,
  "median": 1.226277372262793,
  "mean": 1.3137290511240678,
  "p75": 1.5139682952182034,
  "maximum": 7.219834710743529,
  "below_lower": 341,
  "passed": 302,
  "above_upper": 8,
  "lower_inclusive": 1.25,
  "upper_inclusive": 3.0
}
